[
  {
    "function": "minecraft:set_fireworks",
    "explosions": {
      "values": [
        {
          "shape": "large_ball",
          "colors": [
            16711680
          ]
        },
        {
          "shape": "large_ball",
          "colors": [
            16711680
          ]
        },
        {
          "shape": "large_ball",
          "colors": [
            16711680
          ]
        },
        {
          "shape": "large_ball",
          "colors": [
            16711680
          ]
        },
        {
          "shape": "large_ball",
          "colors": [
            16711680
          ]
        },
        {
          "shape": "large_ball",
          "colors": [
            16711680
          ]
        },
        {
          "shape": "large_ball",
          "colors": [
            16711680
          ]
        },
        {
          "shape": "large_ball",
          "colors": [
            16711680
          ]
        },
        {
          "shape": "large_ball",
          "colors": [
            16711680
          ]
        }

      ],
      "mode": "append"
    }
  },
  {
      "function": "set_count",
      "count": 64
  }
]