{"textures":{"0":"bil:item/nautilus/texture"},"elements":[{"from":[4.9,1.9000001,3.9],"to":[11.1,14.1,16.1],"faces":{"up":{"texture":"#0","tintindex":0,"uv":[6.0,3.0,4.5,0.0]},"west":{"texture":"#0","tintindex":0,"uv":[0.0,3.0,3.0,6.0]},"east":{"texture":"#0","tintindex":0,"uv":[3.0,3.0,0.0,6.0]},"south":{"texture":"#0","tintindex":0,"uv":[3.0,3.0,4.5,6.0]},"down":{"texture":"#0","tintindex":0,"uv":[6.0,3.0,4.5,6.0]},"north":{"texture":"#0","tintindex":0,"uv":[3.0,0.0,4.5,3.0]}},"rotation":{"axis":"y","angle":0.0,"origin":[8.0,2.0,8.0]}},{"from":[5.0,4.5,1.0],"to":[11.0,5.5,4.0],"faces":{"up":{"texture":"#0","tintindex":0,"uv":[8.5,2.75,7.0,2.0]},"west":{"texture":"#0","tintindex":0,"uv":[7.0,5.0,7.75,5.25]},"east":{"texture":"#0","tintindex":0,"uv":[7.0,4.75,7.75,5.0]},"south":{"texture":"#0","tintindex":0,"uv":[7.0,4.5,8.5,4.75]},"down":{"texture":"#0","tintindex":0,"uv":[0.0,0.0,0.0,0.0]},"north":{"texture":"#0","tintindex":0,"uv":[7.0,4.25,8.5,4.5]}},"rotation":{"axis":"x","angle":-22.5,"origin":[8.0,6.0,1.0]}}],"display":{"head":{"rotation":[0.0,180.0,0.0]}}}