{"textures":{"0":"bil:item/nautilus/texture"},"elements":[{"from":[5.1,6.6,0.5999999],"to":[10.9,11.4,7.4],"faces":{"up":{"texture":"#0","tintindex":0,"uv":[5.0,12.25,3.5,10.5]},"west":{"texture":"#0","tintindex":0,"uv":[5.25,8.0,7.0,9.25]},"east":{"texture":"#0","tintindex":0,"uv":[3.5,8.0,5.25,9.25]},"south":{"texture":"#0","tintindex":0,"uv":[3.5,9.25,5.0,10.5]},"down":{"texture":"#0","tintindex":0,"uv":[6.5,10.5,5.0,12.25]},"north":{"texture":"#0","tintindex":0,"uv":[5.0,9.25,6.5,10.5]}},"rotation":{"axis":"x","angle":-22.5,"origin":[8.0,9.0,2.5]}},{"from":[5.0,7.5,1.75],"to":[5.5,9.5,3.75],"faces":{"up":{"texture":"#0","tintindex":0,"uv":[7.25,5.75,7.0,5.25]},"west":{"texture":"#0","tintindex":0,"uv":[4.25,7.0,4.75,7.5]},"east":{"texture":"#0","tintindex":0,"uv":[0.0,0.0,0.0,0.0]},"south":{"texture":"#0","tintindex":0,"uv":[4.75,7.0,5.0,7.5]},"down":{"texture":"#0","tintindex":0,"uv":[7.25,5.75,7.0,6.25]},"north":{"texture":"#0","tintindex":0,"uv":[2.0,7.0,2.25,7.5]}},"rotation":{"axis":"x","angle":-45.0,"origin":[7.0,8.5,1.75]}},{"from":[10.5,8.20711,1.4571099],"to":[11.0,10.207109,3.45711],"faces":{"up":{"texture":"#0","tintindex":0,"uv":[7.25,5.75,7.0,5.25]},"west":{"texture":"#0","tintindex":0,"uv":[0.0,0.0,0.5,0.5]},"east":{"texture":"#0","tintindex":0,"uv":[4.25,7.0,4.75,7.5]},"south":{"texture":"#0","tintindex":0,"uv":[4.75,7.0,5.0,7.5]},"down":{"texture":"#0","tintindex":0,"uv":[7.25,5.75,7.0,6.25]},"north":{"texture":"#0","tintindex":0,"uv":[2.0,7.0,2.25,7.5]}},"rotation":{"axis":"x","angle":45.0,"origin":[10.75,9.207109,2.45711]}},{"from":[5.15,6.65,-5.8500004],"to":[10.85,11.35,0.8499999],"faces":{"up":{"texture":"#0","tintindex":0,"uv":[1.75,10.0,0.0,8.25]},"west":{"texture":"#0","tintindex":0,"uv":[1.75,10.0,3.5,11.25]},"east":{"texture":"#0","tintindex":0,"uv":[0.0,10.0,1.75,11.25]},"south":{"texture":"#0","tintindex":0,"uv":[0.0,11.25,1.75,12.5]},"down":{"texture":"#0","tintindex":0,"uv":[3.5,8.25,1.75,10.0]},"north":{"texture":"#0","tintindex":0,"uv":[1.75,11.25,3.5,12.5]}},"rotation":{"axis":"x","angle":-22.5,"origin":[8.0,9.0,2.5]}},{"from":[10.85,11.35,0.8499999],"to":[5.15,6.65,-5.8500004],"faces":{"up":{"texture":"#0","tintindex":0,"uv":[1.75,8.25,3.5,10.0]},"west":{"texture":"#0","tintindex":0,"uv":[0.0,11.25,1.75,10.0]},"east":{"texture":"#0","tintindex":0,"uv":[1.75,11.25,3.5,10.0]},"south":{"texture":"#0","tintindex":0,"uv":[1.75,12.5,3.5,11.25]},"down":{"texture":"#0","tintindex":0,"uv":[0.0,10.0,1.75,8.25]},"north":{"texture":"#0","tintindex":0,"uv":[0.0,12.5,1.75,11.25]}},"rotation":{"axis":"x","angle":-22.5,"origin":[8.0,9.0,2.5]}}],"display":{"head":{"rotation":[0.0,180.0,0.0]}}}