{"parent":"minecraft:item/generated","textures":{"layer0":"minecraft:item/leather_horse_armor"},"overrides":[{"model":"bil:item/penguin/torso","predicate":{"custom_model_data":2}},{"model":"bil:item/penguin/feet_left","predicate":{"custom_model_data":3}},{"model":"bil:item/penguin/feet_right","predicate":{"custom_model_data":4}},{"model":"bil:item/penguin/wing_r","predicate":{"custom_model_data":5}},{"model":"bil:item/penguin/wing_l","predicate":{"custom_model_data":6}},{"model":"bil:item/penguin/head","predicate":{"custom_model_data":7}},{"model":"bil:item/penguin/torso_apple","predicate":{"custom_model_data":8}},{"model":"bil:item/penguin/feet_left_apple","predicate":{"custom_model_data":9}},{"model":"bil:item/penguin/feet_right_apple","predicate":{"custom_model_data":10}},{"model":"bil:item/penguin/wing_r_apple","predicate":{"custom_model_data":11}},{"model":"bil:item/penguin/wing_l_apple","predicate":{"custom_model_data":12}},{"model":"bil:item/penguin/head_apple","predicate":{"custom_model_data":13}},{"model":"bil:item/elephant/torsob","predicate":{"custom_model_data":14}},{"model":"bil:item/elephant/lfr","predicate":{"custom_model_data":15}},{"model":"bil:item/elephant/lbr","predicate":{"custom_model_data":16}},{"model":"bil:item/elephant/lfl","predicate":{"custom_model_data":17}},{"model":"bil:item/elephant/llb","predicate":{"custom_model_data":18}},{"model":"bil:item/elephant/head","predicate":{"custom_model_data":19}},{"model":"bil:item/elephant/head_trunk","predicate":{"custom_model_data":20}},{"model":"bil:item/elephant/head_ear_right","predicate":{"custom_model_data":21}},{"model":"bil:item/elephant/head_ear_left","predicate":{"custom_model_data":22}},{"model":"bil:item/elephant/torsob_hurt","predicate":{"custom_model_data":23}},{"model":"bil:item/elephant/lfr_hurt","predicate":{"custom_model_data":24}},{"model":"bil:item/elephant/lbr_hurt","predicate":{"custom_model_data":25}},{"model":"bil:item/elephant/lfl_hurt","predicate":{"custom_model_data":26}},{"model":"bil:item/elephant/llb_hurt","predicate":{"custom_model_data":27}},{"model":"bil:item/elephant/head_hurt","predicate":{"custom_model_data":28}},{"model":"bil:item/elephant/head_trunk_hurt","predicate":{"custom_model_data":29}},{"model":"bil:item/elephant/head_ear_right_hurt","predicate":{"custom_model_data":30}},{"model":"bil:item/elephant/head_ear_left_hurt","predicate":{"custom_model_data":31}},{"model":"bil:item/capybara/body","predicate":{"custom_model_data":32}},{"model":"bil:item/capybara/head","predicate":{"custom_model_data":33}},{"model":"bil:item/capybara/frontleg_right","predicate":{"custom_model_data":34}},{"model":"bil:item/capybara/frontleg_left","predicate":{"custom_model_data":35}},{"model":"bil:item/capybara/hindleg_right","predicate":{"custom_model_data":36}},{"model":"bil:item/capybara/hindleg_left","predicate":{"custom_model_data":37}},{"model":"bil:item/capybara/body_apple","predicate":{"custom_model_data":38}},{"model":"bil:item/capybara/head_apple","predicate":{"custom_model_data":39}},{"model":"bil:item/capybara/frontleg_right_apple","predicate":{"custom_model_data":40}},{"model":"bil:item/capybara/frontleg_left_apple","predicate":{"custom_model_data":41}},{"model":"bil:item/capybara/hindleg_right_apple","predicate":{"custom_model_data":42}},{"model":"bil:item/capybara/hindleg_left_apple","predicate":{"custom_model_data":43}},{"model":"bil:item/nautilus/bone","predicate":{"custom_model_data":44}},{"model":"bil:item/nautilus/ead","predicate":{"custom_model_data":45}},{"model":"bil:item/mantaray/head","predicate":{"custom_model_data":46}},{"model":"bil:item/mantaray/mid","predicate":{"custom_model_data":47}},{"model":"bil:item/mantaray/bone4","predicate":{"custom_model_data":48}},{"model":"bil:item/mantaray/bone3","predicate":{"custom_model_data":49}},{"model":"bil:item/mantaray/lwing","predicate":{"custom_model_data":50}},{"model":"bil:item/mantaray/rwing","predicate":{"custom_model_data":51}},{"model":"bil:item/tuna/body","predicate":{"custom_model_data":52}},{"model":"bil:item/tuna/fin1","predicate":{"custom_model_data":53}},{"model":"bil:item/tuna/fin2","predicate":{"custom_model_data":54}},{"model":"bil:item/tuna/ead","predicate":{"custom_model_data":55}},{"model":"bil:item/tuna/mid","predicate":{"custom_model_data":56}},{"model":"bil:item/tuna/tail","predicate":{"custom_model_data":57}},{"model":"bil:item/tuna/tailend","predicate":{"custom_model_data":58}},{"model":"bil:item/lobster/body","predicate":{"custom_model_data":59}},{"model":"bil:item/lobster/rclaw","predicate":{"custom_model_data":60}},{"model":"bil:item/lobster/lclaw","predicate":{"custom_model_data":61}},{"model":"bil:item/lobster/rleg","predicate":{"custom_model_data":62}},{"model":"bil:item/lobster/lleg","predicate":{"custom_model_data":63}},{"model":"bil:item/lobster/tail","predicate":{"custom_model_data":64}},{"model":"bil:item/firemoth/body","predicate":{"custom_model_data":65}},{"model":"bil:item/firemoth/wing_r","predicate":{"custom_model_data":66}},{"model":"bil:item/firemoth/wing_l","predicate":{"custom_model_data":67}},{"model":"bil:item/firemoth/body_hurt","predicate":{"custom_model_data":68}},{"model":"bil:item/firemoth/wing_r_hurt","predicate":{"custom_model_data":69}},{"model":"bil:item/firemoth/wing_l_hurt","predicate":{"custom_model_data":70}},{"model":"bil:item/butterfly/body","predicate":{"custom_model_data":71}},{"model":"bil:item/butterfly/body_1","predicate":{"custom_model_data":72}},{"model":"bil:item/butterfly/body_2","predicate":{"custom_model_data":73}},{"model":"bil:item/snake/head_upper_jaw","predicate":{"custom_model_data":74}},{"model":"bil:item/snake/head_jaw","predicate":{"custom_model_data":75}},{"model":"bil:item/snake/torso","predicate":{"custom_model_data":76}},{"model":"bil:item/snake/tail","predicate":{"custom_model_data":77}},{"model":"bil:item/snake/head_upper_jaw_hurt","predicate":{"custom_model_data":78}},{"model":"bil:item/snake/head_jaw_hurt","predicate":{"custom_model_data":79}},{"model":"bil:item/snake/torso_hurt","predicate":{"custom_model_data":80}},{"model":"bil:item/snake/tail_hurt","predicate":{"custom_model_data":81}},{"model":"bil:item/sculkling/head","predicate":{"custom_model_data":82}},{"model":"bil:item/sculkling/leg_l","predicate":{"custom_model_data":83}},{"model":"bil:item/sculkling/leg_r","predicate":{"custom_model_data":84}},{"model":"bil:item/sculkling/head_hurt","predicate":{"custom_model_data":85}},{"model":"bil:item/sculkling/leg_l_hurt","predicate":{"custom_model_data":86}},{"model":"bil:item/sculkling/leg_r_hurt","predicate":{"custom_model_data":87}},{"model":"bil:item/showmaster/body","predicate":{"custom_model_data":88}},{"model":"bil:item/showmaster/left_arm","predicate":{"custom_model_data":89}},{"model":"bil:item/showmaster/right_arm","predicate":{"custom_model_data":90}},{"model":"bil:item/showmaster/left_leg","predicate":{"custom_model_data":91}},{"model":"bil:item/showmaster/right_leg","predicate":{"custom_model_data":92}},{"model":"bil:item/showmaster/head","predicate":{"custom_model_data":93}},{"model":"bil:item/showmaster/head_hat","predicate":{"custom_model_data":94}},{"model":"bil:item/showmaster/body_hurt","predicate":{"custom_model_data":95}},{"model":"bil:item/showmaster/left_arm_hurt","predicate":{"custom_model_data":96}},{"model":"bil:item/showmaster/right_arm_hurt","predicate":{"custom_model_data":97}},{"model":"bil:item/showmaster/left_leg_hurt","predicate":{"custom_model_data":98}},{"model":"bil:item/showmaster/right_leg_hurt","predicate":{"custom_model_data":99}},{"model":"bil:item/showmaster/head_hurt","predicate":{"custom_model_data":100}},{"model":"bil:item/showmaster/head_hat_hurt","predicate":{"custom_model_data":101}},{"model":"bil:item/iceologer/body","predicate":{"custom_model_data":102}},{"model":"bil:item/iceologer/head","predicate":{"custom_model_data":103}},{"model":"bil:item/iceologer/right_arm","predicate":{"custom_model_data":104}},{"model":"bil:item/iceologer/left_arm","predicate":{"custom_model_data":105}},{"model":"bil:item/iceologer/left_leg","predicate":{"custom_model_data":106}},{"model":"bil:item/iceologer/right_leg","predicate":{"custom_model_data":107}},{"model":"bil:item/ice_spike/s1","predicate":{"custom_model_data":108}},{"model":"bil:item/ice_spike/s2","predicate":{"custom_model_data":109}},{"model":"bil:item/ice_spike/s3","predicate":{"custom_model_data":110}},{"model":"bil:item/ice_spike/s4","predicate":{"custom_model_data":111}},{"model":"bil:item/ice_spike_small/b1","predicate":{"custom_model_data":112}},{"model":"bil:item/ice_spike_small/b2","predicate":{"custom_model_data":113}},{"model":"bil:item/ice_cluster/head","predicate":{"custom_model_data":114}}]}