{"textures":{"0":"bil:item/capybara/texture","2":"bil:item/capybara/apple_invisible","1":"bil:item/capybara/apple"},"elements":[{"from":[6.0,0.0,6.0],"to":[10.0,8.0,10.0],"faces":{"up":{"texture":"#0","tintindex":0,"uv":[8.5,4.5,7.5,3.5]},"west":{"texture":"#0","tintindex":0,"uv":[6.0,8.5,5.0,10.5]},"east":{"texture":"#0","tintindex":0,"uv":[5.0,8.5,6.0,10.5]},"south":{"texture":"#0","tintindex":0,"uv":[6.0,8.5,7.0,10.5]},"down":{"texture":"#0","tintindex":0,"uv":[10.0,5.5,9.0,6.5]},"north":{"texture":"#0","tintindex":0,"uv":[5.0,8.5,4.0,10.5]}},"rotation":{"axis":"y","angle":0.0,"origin":[8.0,0.0,8.0]}}],"display":{"head":{"rotation":[0.0,180.0,0.0]}}}