
{
	"display": {
		"icon": {
			"id": "minecraft:gold_ingot"
		},
		"title": "Level 100 Bartering",
		"description": [{"text":"Still the same stuff... :(","color":"aqua"}],
		"show_toast": true,
		"announce_to_chat": true
	},
    "parent": "knize1007:nugget",
	"criteria": {
        "requirement": {
          "trigger": "minecraft:player_interacted_with_entity",
          "conditions": {
            "entity": {
              "type": "minecraft:piglin",
              "nbt": "{Tags:[\"C\"]}"
            }
          }
        }
  },
  "rewards": {
    "function": "knize1007:100_bartering"
  }
	
}
