{
    "display": {
		"icon": {
			"id": "minecraft:wooden_sword"
		},
		"title": "Perhaps Useful",
		"description": [{"text":"Kill a spider with a sword which has bane of arthropods.","color":"aqua"}],
		"show_toast": true,
		"announce_to_chat": true
	},
    "parent": "knize1007:shotmeleeskeleton",
    "criteria": {
      "requirement": {
        "trigger": "minecraft:player_killed_entity",
        "conditions": {
          "player": {
            "equipment": {
              "mainhand": {
                "items": [
                    "wooden_sword",
                    "stone_sword",
                    "iron_sword",
                    "diamond_sword",
                    "golden_sword",
                    "netherite_sword"
                ],
                "components": {
                "minecraft:enchantments": {
                  "minecraft:bane_of_arthropods": 0
                }
              }
              }
            }
          },
          "entity": {
            "type": "minecraft:spider"
          }
        }
      }
    },
    "rewards": {
      "function": "knize1007:arthropod"
      
    }
  }
  