{
    "display": {
		"icon": {
			"id": "minecraft:string"
		},
		"title": "Bane of Arthropods Redemption Arc",
		"description": [{"text":"Kill all hostile arthropods with bane of arthropods. It will make a difference when mobs are at a high level.","color":"aqua"}],
		"show_toast": true,
		"announce_to_chat": true
	},
    "parent": "knize1007:arthropod",
    "criteria": {
      "requirement": {
        "trigger": "minecraft:player_killed_entity",
        "conditions": {
          "player": {
            "equipment": {
              "mainhand": {
                "items": [
                    "wooden_sword",
                    "stone_sword",
                    "iron_sword",
                    "diamond_sword",
                    "golden_sword",
                    "netherite_sword"
                ],
                "components": {
                "minecraft:enchantments": {
                  "minecraft:bane_of_arthropods": 0
                }
              }
              }
            }
          },
          "entity": {
            "type": "minecraft:spider"
          }
        }
      },
      "endermite": {
        "trigger": "minecraft:player_killed_entity",
        "conditions": {
          "player": {
            "equipment": {
              "mainhand": {
                "items": [
                    "wooden_sword",
                    "stone_sword",
                    "iron_sword",
                    "diamond_sword",
                    "golden_sword",
                    "netherite_sword"
                ],
                "components": {
                "minecraft:enchantments": {
                  "minecraft:bane_of_arthropods": 0
                }
              }
              }
            }
          },
          "entity": {
            "type": "minecraft:endermite"
          }
        }
      },
      "cavespider": {
        "trigger": "minecraft:player_killed_entity",
        "conditions": {
          "player": {
            "equipment": {
              "mainhand": {
                "items": [
                    "wooden_sword",
                    "stone_sword",
                    "iron_sword",
                    "diamond_sword",
                    "golden_sword",
                    "netherite_sword"
                ],
                "components": {
                "minecraft:enchantments": {
                  "minecraft:bane_of_arthropods": 0
                }
              }
              }
            }
          },
          "entity": {
            "type": "minecraft:cave_spider"
          }
        }
      },
      "silverfish": {
        "trigger": "minecraft:player_killed_entity",
        "conditions": {
          "player": {
            "equipment": {
              "mainhand": {
                "items": [
                    "wooden_sword",
                    "stone_sword",
                    "iron_sword",
                    "diamond_sword",
                    "golden_sword",
                    "netherite_sword"
                ],
                "components": {
                "minecraft:enchantments": {
                  "minecraft:bane_of_arthropods": 0
                }
              }
              }
            }
          },
          "entity": {
            "type": "minecraft:silverfish"
          }
        }
      }
    },
    "rewards": {
      "function": "knize1007:arthropod_redemption"
    }
  }
  