{
	"display": {
		"icon": {
			"id": "minecraft:netherite_ingot"
		},
		"title": "Monsters Level 100",
		"description": [{"text":"Mobs have unlocked their full potential! Every mob will be a pain to defeat. GL.","color":"aqua"}],
		"show_toast": true,
		"announce_to_chat": true,
		"frame": "challenge",
		"hidden": true
	},
    "parent": "knize1007:day90",
	"criteria": {
		"play100days": {
			"trigger": "minecraft:impossible"
		  }
	},
    "rewards": {
      "function": "knize1007:day100"
    }
}
