{
    "display": {
        "icon": {
            "id": "minecraft:clock"
        },
        "title": "Yeah, I got time",
        "description": "What a big waste of time!",
        "frame": "goal",
        "announce_to_chat": true,
        "show_toast": true,
        "hidden": true
    },
    "criteria": {
      "requirement": {
        "trigger": "minecraft:player_killed_entity",
        "conditions": {
          "entity": {
            "type": "minecraft:glow_squid",
            "nbt": "{Tags:[\"eternal_squid\"]}"
          }
        }
      }
    },
    "parent": "knize1007:use_shard",
    "rewards": {
      "function": "knize1007:yeah_i_got_time"
    }
  }
  