{
  "type": "minecraft:flat_cache",
  "argument": {
    "type": "minecraft:cache_2d",
    "argument": {
      "type": "minecraft:add",
      "argument1": 0,
      "argument2": {
        "type": "minecraft:mul",
        "argument1": {
          "type": "minecraft:blend_alpha"
        },
        "argument2": {
          "type": "minecraft:add",
          "argument1": 0,
          "argument2": {
            "type": "minecraft:spline",
            "min_value": -64,
            "max_value": 64,
            "spline": {
              "coordinate": "tectonic:overworld_large_biomes/continents",
              "points": [
                {
                  "location": 0.03,
                  "derivative": 0,
                  "value": 0
                },
                {
                  "location": 0.225,
                  "derivative": 0,
                  "value": {
                    "coordinate": "tectonic:overworld/legacy/erosion_folded",
                    "points": [
                      {
                        "location": 0.0,
                        "derivative": 0,
                        "value": 0.65
                      },
                      {
                        "location": 0.125,
                        "derivative": 0,
                        "value": 0
                      }
                    ]
                  }
                }
              ]
            }
          }
        }
      }
    }
  }
}