{"textures":{"0":"bil:item/penguin/penguin"},"elements":[{"from":[4.0,8.0,5.0],"to":[7.0,8.0,8.0],"faces":{"up":{"texture":"#0","tintindex":0,"uv":[6.75,1.0,6.0,0.25]},"west":{"texture":"#0","tintindex":0,"uv":[6.75,0.75,7.5,0.75]},"east":{"texture":"#0","tintindex":0,"uv":[5.25,0.75,6.0,0.75]},"south":{"texture":"#0","tintindex":0,"uv":[7.5,0.75,8.25,0.75]},"down":{"texture":"#0","tintindex":0,"uv":[6.75,0.25,6.0,1.0]},"north":{"texture":"#0","tintindex":0,"uv":[6.0,0.75,6.75,0.75]}},"rotation":{"axis":"y","angle":0.0,"origin":[8.0,8.0,11.0]}}],"display":{"head":{"rotation":[0.0,180.0,0.0]}}}