{"textures":{"0":"bil:item/penguin/penguin"},"elements":[{"from":[9.0,8.0,5.0],"to":[12.0,8.0,8.0],"faces":{"up":{"texture":"#0","tintindex":0,"uv":[6.75,1.0,6.0,0.25]},"west":{"texture":"#0","tintindex":0,"uv":[6.75,1.0,7.5,1.0]},"east":{"texture":"#0","tintindex":0,"uv":[5.25,1.0,6.0,1.0]},"south":{"texture":"#0","tintindex":0,"uv":[7.5,1.0,8.25,1.0]},"down":{"texture":"#0","tintindex":0,"uv":[6.75,0.25,6.0,1.0]},"north":{"texture":"#0","tintindex":0,"uv":[6.0,1.0,6.75,1.0]}},"rotation":{"axis":"y","angle":0.0,"origin":[8.0,8.0,11.0]}}],"display":{"head":{"rotation":[0.0,180.0,0.0]}}}