{"textures":{"0":"bil:item/penguin/penguin"},"elements":[{"from":[4.01,5.01,4.01],"to":[11.99,13.99,11.99],"faces":{"up":{"texture":"#0","tintindex":0,"uv":[4.0,2.0,2.0,0.0]},"west":{"texture":"#0","tintindex":0,"uv":[4.0,2.0,6.0,4.25]},"east":{"texture":"#0","tintindex":0,"uv":[0.0,2.0,2.0,4.25]},"south":{"texture":"#0","tintindex":0,"uv":[6.0,2.0,8.0,4.25]},"down":{"texture":"#0","tintindex":0,"uv":[6.0,0.0,4.0,2.0]},"north":{"texture":"#0","tintindex":0,"uv":[2.0,2.0,4.0,4.25]}},"rotation":{"axis":"y","angle":0.0,"origin":[8.0,5.0,8.0]}}],"display":{"head":{"rotation":[0.0,180.0,0.0]}}}