{"leather_horse_armor":{"bil:item/penguin/torso":2,"bil:item/penguin/feet_left":3,"bil:item/penguin/feet_right":4,"bil:item/penguin/wing_r":5,"bil:item/penguin/wing_l":6,"bil:item/penguin/head":7,"bil:item/penguin/torso_apple":8,"bil:item/penguin/feet_left_apple":9,"bil:item/penguin/feet_right_apple":10,"bil:item/penguin/wing_r_apple":11,"bil:item/penguin/wing_l_apple":12,"bil:item/penguin/head_apple":13,"bil:item/elephant/torsob":14,"bil:item/elephant/lfr":15,"bil:item/elephant/lbr":16,"bil:item/elephant/lfl":17,"bil:item/elephant/llb":18,"bil:item/elephant/head":19,"bil:item/elephant/head_trunk":20,"bil:item/elephant/head_ear_right":21,"bil:item/elephant/head_ear_left":22,"bil:item/elephant/torsob_hurt":23,"bil:item/elephant/lfr_hurt":24,"bil:item/elephant/lbr_hurt":25,"bil:item/elephant/lfl_hurt":26,"bil:item/elephant/llb_hurt":27,"bil:item/elephant/head_hurt":28,"bil:item/elephant/head_trunk_hurt":29,"bil:item/elephant/head_ear_right_hurt":30,"bil:item/elephant/head_ear_left_hurt":31,"bil:item/capybara/body":32,"bil:item/capybara/head":33,"bil:item/capybara/frontleg_right":34,"bil:item/capybara/frontleg_left":35,"bil:item/capybara/hindleg_right":36,"bil:item/capybara/hindleg_left":37,"bil:item/capybara/body_apple":38,"bil:item/capybara/head_apple":39,"bil:item/capybara/frontleg_right_apple":40,"bil:item/capybara/frontleg_left_apple":41,"bil:item/capybara/hindleg_right_apple":42,"bil:item/capybara/hindleg_left_apple":43,"bil:item/nautilus/bone":44,"bil:item/nautilus/ead":45,"bil:item/mantaray/head":46,"bil:item/mantaray/mid":47,"bil:item/mantaray/bone4":48,"bil:item/mantaray/bone3":49,"bil:item/mantaray/lwing":50,"bil:item/mantaray/rwing":51,"bil:item/tuna/body":52,"bil:item/tuna/fin1":53,"bil:item/tuna/fin2":54,"bil:item/tuna/ead":55,"bil:item/tuna/mid":56,"bil:item/tuna/tail":57,"bil:item/tuna/tailend":58,"bil:item/lobster/body":59,"bil:item/lobster/rclaw":60,"bil:item/lobster/lclaw":61,"bil:item/lobster/rleg":62,"bil:item/lobster/lleg":63,"bil:item/lobster/tail":64,"bil:item/firemoth/body":65,"bil:item/firemoth/wing_r":66,"bil:item/firemoth/wing_l":67,"bil:item/firemoth/body_hurt":68,"bil:item/firemoth/wing_r_hurt":69,"bil:item/firemoth/wing_l_hurt":70,"bil:item/butterfly/body":71,"bil:item/butterfly/body_1":72,"bil:item/butterfly/body_2":73,"bil:item/snake/head_upper_jaw":74,"bil:item/snake/head_jaw":75,"bil:item/snake/torso":76,"bil:item/snake/tail":77,"bil:item/snake/head_upper_jaw_hurt":78,"bil:item/snake/head_jaw_hurt":79,"bil:item/snake/torso_hurt":80,"bil:item/snake/tail_hurt":81,"bil:item/sculkling/head":82,"bil:item/sculkling/leg_l":83,"bil:item/sculkling/leg_r":84,"bil:item/sculkling/head_hurt":85,"bil:item/sculkling/leg_l_hurt":86,"bil:item/sculkling/leg_r_hurt":87,"bil:item/showmaster/body":88,"bil:item/showmaster/left_arm":89,"bil:item/showmaster/right_arm":90,"bil:item/showmaster/left_leg":91,"bil:item/showmaster/right_leg":92,"bil:item/showmaster/head":93,"bil:item/showmaster/head_hat":94,"bil:item/showmaster/body_hurt":95,"bil:item/showmaster/left_arm_hurt":96,"bil:item/showmaster/right_arm_hurt":97,"bil:item/showmaster/left_leg_hurt":98,"bil:item/showmaster/right_leg_hurt":99,"bil:item/showmaster/head_hurt":100,"bil:item/showmaster/head_hat_hurt":101,"bil:item/iceologer/body":102,"bil:item/iceologer/head":103,"bil:item/iceologer/right_arm":104,"bil:item/iceologer/left_arm":105,"bil:item/iceologer/left_leg":106,"bil:item/iceologer/right_leg":107,"bil:item/ice_spike/s1":108,"bil:item/ice_spike/s2":109,"bil:item/ice_spike/s3":110,"bil:item/ice_spike/s4":111,"bil:item/ice_spike_small/b1":112,"bil:item/ice_spike_small/b2":113,"bil:item/ice_cluster/head":114},"paper":{"toms_mobs:item/nautilus_shell_fragment":2}}