{"textures":{"0":"bil:item/tuna/texture"},"elements":[{"from":[8.0,14.0,-13.5],"to":[8.0,18.0,-0.5],"faces":{"up":{"texture":"#0","tintindex":0,"uv":[0.0,0.0,0.0,3.25]},"west":{"texture":"#0","tintindex":0,"uv":[8.25,6.0,5.0,7.0]},"east":{"texture":"#0","tintindex":0,"uv":[5.0,6.0,8.25,7.0]},"south":{"texture":"#0","tintindex":0,"uv":[0.0,0.0,0.0,1.0]},"down":{"texture":"#0","tintindex":0,"uv":[0.0,0.0,0.0,3.25]},"north":{"texture":"#0","tintindex":0,"uv":[0.0,0.0,0.0,1.0]}},"rotation":{"axis":"y","angle":0.0,"origin":[8.0,16.5,-4.0]}},{"from":[8.0,3.25,-12.5],"to":[8.0,8.25,-4.5],"faces":{"up":{"texture":"#0","tintindex":0,"uv":[0.0,0.0,0.0,2.0]},"west":{"texture":"#0","tintindex":0,"uv":[9.0,2.5,7.0,3.75]},"east":{"texture":"#0","tintindex":0,"uv":[7.0,2.5,9.0,3.75]},"south":{"texture":"#0","tintindex":0,"uv":[0.0,0.0,0.0,1.25]},"down":{"texture":"#0","tintindex":0,"uv":[0.0,0.0,0.0,2.0]},"north":{"texture":"#0","tintindex":0,"uv":[0.0,0.0,0.0,1.25]}},"rotation":{"axis":"x","angle":22.5,"origin":[8.0,5.75,-10.0]}},{"from":[6.0,6.0,-13.5],"to":[10.0,14.0,-5.5],"faces":{"up":{"texture":"#0","tintindex":0,"uv":[5.0,10.25,4.0,8.25]},"west":{"texture":"#0","tintindex":0,"uv":[7.0,2.0,5.0,4.0]},"east":{"texture":"#0","tintindex":0,"uv":[5.0,2.0,7.0,4.0]},"south":{"texture":"#0","tintindex":0,"uv":[3.0,8.25,4.0,10.25]},"down":{"texture":"#0","tintindex":0,"uv":[9.5,3.75,8.5,5.75]},"north":{"texture":"#0","tintindex":0,"uv":[7.75,7.0,8.75,9.0]}},"rotation":{"axis":"y","angle":0.0,"origin":[8.0,6.0,-0.5]}}],"display":{"head":{"rotation":[0.0,180.0,0.0]}}}