{"textures":{"0":"bil:item/tuna/texture"},"elements":[{"from":[8.0,3.0,5.5],"to":[8.0,8.0,13.5],"faces":{"up":{"texture":"#0","tintindex":0,"uv":[0.0,0.0,0.0,2.0]},"west":{"texture":"#0","tintindex":0,"uv":[9.0,0.0,7.0,1.25]},"east":{"texture":"#0","tintindex":0,"uv":[7.0,0.0,9.0,1.25]},"south":{"texture":"#0","tintindex":0,"uv":[0.0,0.0,0.0,1.25]},"down":{"texture":"#0","tintindex":0,"uv":[0.0,0.0,0.0,2.0]},"north":{"texture":"#0","tintindex":0,"uv":[0.0,0.0,0.0,1.25]}},"rotation":{"axis":"z","angle":-22.5,"origin":[8.0,8.0,8.0]}}],"display":{"head":{"rotation":[0.0,180.0,0.0]}}}