{
    "type": "minecraft:entity",
    "pools": [
      {
        "rolls": 1,
        "entries": [
          {
            "type": "minecraft:item",
            "name": "minecraft:prismarine_shard",
            "functions": [
              {
                "function": "minecraft:set_custom_data",
                "tag": "{knize:shard}"
              },
              {
                "function": "minecraft:set_lore",
                "lore": [
                  {
                    "text": "A mysterious shard,",
                    "color": "light_purple",
                    "italic": true
                  },
                  {
                    "text": "when eaten should decrease monster levels by a small amount. ",
                    "color": "light_purple",
                    "italic": true
                  },
                  {
                    "text": "Without a catalyser reactions can go wild.",
                    "color": "light_purple",
                    "italic": true
                  }
                ],
                "mode": "replace_all"
              },
              {
                "function": "minecraft:set_name",
                "target": "custom_name",
                "name": {
                  "text": "Level Shatter Shard",
                  "color": "aqua",
                  "italic": false
                }
              },
              {
                "function": "minecraft:set_components",
                "components": {
                  "minecraft:food": {
                    "nutrition": 0,
                    "saturation": 0,
                    "can_always_eat": true,
                    "eat_seconds": 10,
                    "effects": [
                      {
                        "effect": {
                          "id": "minecraft:nausea",
                          "amplifier": 1,
                          "duration": 15
                        },
                        "probability": 1
                      }
                    ]
                  },
                  "minecraft:enchantment_glint_override": true
                }
              },
              {
                "function": "set_count",
                "count": 64

              }
            ]
          }
        ]
      }
    ]
  }
  