[
    {
      "function": "minecraft:set_components",
      "components": {
        "minecraft:banner_patterns": [
          {
            "pattern": "minecraft:rhombus",
            "color": "cyan"
          },
          {
            "pattern": "minecraft:stripe_bottom",
            "color": "light_gray"
          },
          {
            "pattern": "minecraft:stripe_center",
            "color": "gray"
          },
          {
            "pattern": "minecraft:border",
            "color": "light_gray"
          },
          {
            "pattern": "minecraft:stripe_middle",
            "color": "black"
          },
          {
            "pattern": "minecraft:half_horizontal",
            "color": "light_gray"
          },
          {
            "pattern": "minecraft:circle",
            "color": "light_gray"
          },
          {
            "pattern": "minecraft:border",
            "color": "black"
          }
        ],
        "minecraft:hide_additional_tooltip": {},
        "minecraft:item_name": "{\"color\":\"gold\",\"translate\":\"block.minecraft.ominous_banner\"}"
      }
    }
  ]
  