{"textures":{"0":"bil:item/snake/snake_hurt","1":"bil:item/snake/snake_hurt"},"elements":[{"from":[6.0,7.0,0.0],"to":[10.0,8.0,8.0],"faces":{"up":{"texture":"#0","tintindex":0,"uv":[9.5,4.0,7.5,0.0]},"west":{"texture":"#0","tintindex":0,"uv":[9.5,2.0,13.5,2.5]},"east":{"texture":"#0","tintindex":0,"uv":[9.5,1.5,13.5,2.0]},"south":{"texture":"#0","tintindex":0,"uv":[9.5,3.0,11.5,3.5]},"down":{"texture":"#0","tintindex":0,"uv":[6.0,8.0,4.0,12.0]},"north":{"texture":"#0","tintindex":0,"uv":[9.5,2.5,11.5,3.0]}},"rotation":{"axis":"y","angle":0.0,"origin":[8.0,7.0,9.0]}}],"display":{"head":{"rotation":[0.0,180.0,0.0]}}}