{"textures":{"0":"bil:item/mantaray/manta"},"elements":[{"from":[6.5,8.0,8.0],"to":[9.5,8.0,22.0],"faces":{"up":{"texture":"#0","tintindex":0,"uv":[3.875,7.375,3.5,5.625]},"west":{"texture":"#0","tintindex":0,"uv":[0.0,0.0,1.75,0.0]},"east":{"texture":"#0","tintindex":0,"uv":[0.0,0.0,1.75,0.0]},"south":{"texture":"#0","tintindex":0,"uv":[0.0,0.0,0.375,0.0]},"down":{"texture":"#0","tintindex":0,"uv":[3.875,5.625,3.5,7.375]},"north":{"texture":"#0","tintindex":0,"uv":[0.0,0.0,0.375,0.0]}},"rotation":{"axis":"y","angle":0.0,"origin":[8.0,8.0,8.0]}}],"display":{"head":{"rotation":[0.0,180.0,0.0]}}}