{
    "penguin.ambient": {
      "sounds": [
        "toms_mobs:penguin/penguin_call1",
        "toms_mobs:penguin/penguin_call2",
        "toms_mobs:penguin/penguin_call3"
      ],
      "subtitle": "subtitles.penguin.ambient"
    },
    "penguin.hurt": {
      "sounds": [
        "toms_mobs:penguin/penguin_hurt1"
      ],
      "subtitle": "subtitles.penguin.hurt"
    },
    "penguin.death": {
      "sounds": [
          "toms_mobs:penguin/penguin_death1",
          "toms_mobs:penguin/penguin_death2"
      ],
      "subtitle": "subtitles.penguin.death"
    }
}
