[
  {
    "function": "minecraft:set_components",
    "components": {
      "minecraft:potion_contents": {
        "custom_effects": [
          {
            "id": "minecraft:mining_fatigue",
            "amplifier": 0,
            "duration": 1200
          },
          {
            "id": "minecraft:instant_damage",
            "amplifier": 0,
            "duration": 2
          },
          {
            "id": "minecraft:weakness",
            "amplifier": 0,
            "duration": 800
          },
          {
            "id": "minecraft:slowness",
            "amplifier": 2,
            "duration": 700
          }
        ]
      }
    }
  }
]
