{"textures":{"0":"bil:item/lobster/texture"},"elements":[{"from":[4.0,8.0,1.0],"to":[9.0,12.0,9.0],"faces":{"up":{"texture":"#0","tintindex":0,"uv":[7.0,4.0,4.5,0.0]},"west":{"texture":"#0","tintindex":0,"uv":[6.5,8.0,2.5,10.0]},"east":{"texture":"#0","tintindex":0,"uv":[2.5,8.0,6.5,10.0]},"south":{"texture":"#0","tintindex":0,"uv":[9.5,2.0,12.0,4.0]},"down":{"texture":"#0","tintindex":0,"uv":[7.0,4.0,4.5,8.0]},"north":{"texture":"#0","tintindex":0,"uv":[0.0,9.0,2.5,11.0]}},"rotation":{"axis":"y","angle":0.0,"origin":[8.0,8.0,8.0]}},{"from":[5.0,10.0,-4.0],"to":[8.0,12.0,1.0],"faces":{"up":{"texture":"#0","tintindex":0,"uv":[2.5,11.5,4.0,14.0]},"west":{"texture":"#0","tintindex":0,"uv":[2.5,12.0,0.0,13.0]},"east":{"texture":"#0","tintindex":0,"uv":[0.0,12.0,2.5,13.0]},"south":{"texture":"#0","tintindex":0,"uv":[0.0,0.0,1.5,1.0]},"down":{"texture":"#0","tintindex":0,"uv":[2.5,11.5,4.0,14.0]},"north":{"texture":"#0","tintindex":0,"uv":[2.5,11.5,4.0,12.5]}},"rotation":{"axis":"y","angle":0.0,"origin":[8.0,8.0,8.0]}},{"from":[8.0,12.0,1.0],"to":[5.0,10.0,-4.0],"faces":{"up":{"texture":"#0","tintindex":0,"uv":[4.0,11.5,2.5,14.0]},"west":{"texture":"#0","tintindex":0,"uv":[0.0,13.0,2.5,12.0]},"east":{"texture":"#0","tintindex":0,"uv":[2.5,13.0,0.0,12.0]},"south":{"texture":"#0","tintindex":0,"uv":[2.5,12.5,4.0,11.5]},"down":{"texture":"#0","tintindex":0,"uv":[4.0,11.5,2.5,14.0]},"north":{"texture":"#0","tintindex":0,"uv":[2.5,12.5,4.0,11.5]}},"rotation":{"axis":"y","angle":0.0,"origin":[8.0,8.0,8.0]}}],"display":{"head":{"rotation":[0.0,180.0,0.0]}}}