{"textures":{"0":"bil:item/lobster/texture"},"elements":[{"from":[8.0,8.0,3.0],"to":[12.0,11.0,8.0],"faces":{"up":{"texture":"#0","tintindex":0,"uv":[2.5,5.0,4.5,7.5]},"west":{"texture":"#0","tintindex":0,"uv":[2.5,10.0,5.0,11.5]},"east":{"texture":"#0","tintindex":0,"uv":[9.5,8.5,12.0,10.0]},"south":{"texture":"#0","tintindex":0,"uv":[9.5,10.0,11.5,11.5]},"down":{"texture":"#0","tintindex":0,"uv":[4.5,5.0,2.5,7.5]},"north":{"texture":"#0","tintindex":0,"uv":[5.0,10.0,7.0,11.5]}},"rotation":{"axis":"y","angle":0.0,"origin":[8.0,8.0,8.0]}}],"display":{"head":{"rotation":[0.0,180.0,0.0]}}}