{
	"display": {
		"icon": {
			"id": "minecraft:phantom_membrane"
		},
		"title": {"translate":"The Dragon's Goons"},
		"description": {"color":"green","translate":"Get attacked by a Phantom summoned by the Ender Dragon"},
		"announce_to_chat": true,
		"frame": "goal"
	},
	"parent": "tatevancements:bucked_by_ravager",
	"criteria": {
		"attacked_by_phantom": {
			"trigger": "minecraft:entity_hurt_player",
			"conditions": {
        		"damage": {
          			"type": {
            			"source_entity": {
              				"type": "minecraft:phantom",
              				"location": {
		            			"biomes": "minecraft:the_end"
		          			}
              			}
              		}
              	}
            }
		}
	}
}