{
	"display": {
		"icon": {
			"id": "minecraft:player_head"
		},
		"title": {"translate":"Hard Deluxe"},
		"description": {"color":"aqua","translate":"Only a Little Painful"},
		"show_toast": false,
		"announce_to_chat": false,
		"frame": "challenge"
	},
	"parent": "tatevancements:root",
	"criteria": {
		"in_overworld": {
			"trigger": "minecraft:location",
			"conditions": {
				"dimension": "minecraft:overworld"
			}
		},
		"in_nether": {
			"trigger": "minecraft:location",
			"conditions": {
				"dimension": "minecraft:the_nether"
			}
		},
		"in_end": {
			"trigger": "minecraft:location",
			"conditions": {
				"dimension": "minecraft:the_end"
			}
		}
	},
	"requirements": [
		[
			"in_overworld",
			"in_nether",
			"in_end"
		]
	]
}