{
	"display": {
		"icon": {
			"id": "minecraft:nether_star"
		},
		"title": {"translate":"Bedrock Approved Fight"},
		"description": {"color":"dark_purple","translate":"Defeat the Wither"},
		"announce_to_chat": true,
		"frame": "challenge"
	},
	"parent": "tatevancements:kill_evoker",
	"rewards":	{
		"experience": 300
	},
	"criteria": {
		"killed_wither": {
			"trigger": "minecraft:player_killed_entity",
			"conditions": {
				"entity": {
          			"type": "minecraft:wither"
          		}
			}
		}
	}
}