{
	"display": {
		"icon": {
			"id": "minecraft:netherite_sword"
		},
		"title": {"translate":"Everything Hunted"},
		"description": {"color":"dark_purple","translate":"Kill one of literally every mob"},
		"announce_to_chat": true,
		"frame": "challenge"
	},
	"parent": "tatevancements:kill_wither",
	"rewards":	{
		"experience": 500
	},
	"criteria": {
		"kill_allay": {
			"trigger": "minecraft:player_killed_entity",
			"conditions": {
				"entity": {
				        "type": "minecraft:allay"
				}
			}
		},
		"kill_armadillo": {
			"trigger": "minecraft:player_killed_entity",
			"conditions": {
				"entity": {
				        "type": "minecraft:armadillo"
				}
			}
		},
		"kill_axolotl": {
			"trigger": "minecraft:player_killed_entity",
			"conditions": {				
				"entity": {
				        "type": "minecraft:axolotl"
				}
			}
		},
		"kill_bat": {
			"trigger": "minecraft:player_killed_entity",
			"conditions": {		
				"entity": {
				        "type": "minecraft:bat"
				}
			}
		},
		"kill_bee": {
			"trigger": "minecraft:player_killed_entity",
			"conditions": {"entity": {
				        "type": "minecraft:bee"
				}
			}
		},
		"kill_blaze": {
			"trigger": "minecraft:player_killed_entity",
			"conditions": {"entity": {
				        "type": "minecraft:blaze"
				}
			}
		},
		"kill_bogged": {
			"trigger": "minecraft:player_killed_entity",
			"conditions": {
				"entity": {
				        "type": "minecraft:bogged"
				}
			}
		},
		"kill_breeze": {
			"trigger": "minecraft:player_killed_entity",
			"conditions": {
				"entity": {
				        "type": "minecraft:breeze"
				}
			}
		},
		"kill_camel": {
			"trigger": "minecraft:player_killed_entity",
			"conditions": {
				"entity": {
				        "type": "minecraft:camel"
				}
			}
		},
		"kill_cat": {
			"trigger": "minecraft:player_killed_entity",
			"conditions": {
				"entity": {
				        "type": "minecraft:cat"
				}
			}
		},
		"kill_cave_spider": {
			"trigger": "minecraft:player_killed_entity",
			"conditions": {
				"entity": {
				        "type": "minecraft:cave_spider"
				}
			}
		},
		"kill_chicken": {
			"trigger": "minecraft:player_killed_entity",
			"conditions": {
				"entity": {
				        "type": "minecraft:chicken"
				}
			}
		},
		"kill_cod": {
			"trigger": "minecraft:player_killed_entity",
			"conditions": {
				"entity": {
				        "type": "minecraft:cod"
				}
			}
		},
		"kill_cow": {
			"trigger": "minecraft:player_killed_entity",
			"conditions": {
				"entity": {
				        "type": "minecraft:cow"
				}
			}
		},
		"kill_creeper": {
			"trigger": "minecraft:player_killed_entity",
			"conditions": {
				"entity": {
				        "type": "minecraft:creeper"
				}
			}
		},
		"kill_dolphin": {
			"trigger": "minecraft:player_killed_entity",
			"conditions": {
				"entity": {
				        "type": "minecraft:dolphin"
				}
			}
		},
		"kill_donkey": {
			"trigger": "minecraft:player_killed_entity",
			"conditions": {
				"entity": {
				        "type": "minecraft:donkey"
				}
			}
		},
		"kill_drowned": {
			"trigger": "minecraft:player_killed_entity",
			"conditions": {
				"entity": {
				        "type": "minecraft:drowned"
				}
			}
		},
		"kill_elder_guardian": {
			"trigger": "minecraft:player_killed_entity",
			"conditions": {
				"entity": {
				        "type": "minecraft:elder_guardian"
				}
			}
		},
		"kill_ender_dragon": {
			"trigger": "minecraft:player_killed_entity",
			"conditions": {
				"entity": {
				        "type": "minecraft:ender_dragon"
				}
			}
		},
		"kill_enderman": {
			"trigger": "minecraft:player_killed_entity",
			"conditions": {
				"entity": {
				        "type": "minecraft:enderman"
				}
			}
		},
		"kill_endermite": {
			"trigger": "minecraft:player_killed_entity",
			"conditions": {
				"entity": {
				        "type": "minecraft:endermite"
				}
			}
		},
		"kill_evoker": {
			"trigger": "minecraft:player_killed_entity",
			"conditions": {
				"entity": {
				        "type": "minecraft:evoker"
				}
			}
		},
		"kill_fox": {
			"trigger": "minecraft:player_killed_entity",
			"conditions": {
				"entity": {
				        "type": "minecraft:fox"
				}
			}
		},
		"kill_frog": {
			"trigger": "minecraft:player_killed_entity",
			"conditions": {
				"entity": {
				        "type": "minecraft:frog"
				}
			}
		},
		"kill_ghast": {
			"trigger": "minecraft:player_killed_entity",
			"conditions": {
				"entity": {
				        "type": "minecraft:ghast"
				}
			}
		},
		"kill_glow_squid": {
			"trigger": "minecraft:player_killed_entity",
			"conditions": {
				"entity": {
				        "type": "minecraft:glow_squid"
				}
			}
		},
		"kill_goat": {
			"trigger": "minecraft:player_killed_entity",
			"conditions": {
				"entity": {
				        "type": "minecraft:goat"
				}
			}
		},
		"kill_guardian": {
			"trigger": "minecraft:player_killed_entity",
			"conditions": {
				"entity": {
				        "type": "minecraft:guardian"
				}
			}
		},
		"kill_hoglin": {
			"trigger": "minecraft:player_killed_entity",
			"conditions": {
				"entity": {
				        "type": "minecraft:hoglin"
				}
			}
		},
		"kill_horse": {
			"trigger": "minecraft:player_killed_entity",
			"conditions": {
				"entity": {
				        "type": "minecraft:horse"
				}
			}
		},
		"kill_husk": {
			"trigger": "minecraft:player_killed_entity",
			"conditions": {
				"entity": {
				        "type": "minecraft:husk"
				}
			}
		},
		"kill_iron_golem": {
			"trigger": "minecraft:player_killed_entity",
			"conditions": {
				"entity": {
				        "type": "minecraft:iron_golem"
				}
			}
		},
		"kill_llama": {
			"trigger": "minecraft:player_killed_entity",
			"conditions": {
				"entity": {
				        "type": "minecraft:llama"
				}
			}
		},
		"kill_magma_cube": {
			"trigger": "minecraft:player_killed_entity",
			"conditions": {
				"entity": {
				        "type": "minecraft:magma_cube"
				}
			}
		},
		"kill_mooshroom": {
			"trigger": "minecraft:player_killed_entity",
			"conditions": {
				"entity": {
				        "type": "minecraft:mooshroom"
				}
			}
		},
		"kill_mule": {
			"trigger": "minecraft:player_killed_entity",
			"conditions": {
				"entity": {
				        "type": "minecraft:mule"
				}
			}
		},
		"kill_ocelot": {
			"trigger": "minecraft:player_killed_entity",
			"conditions": {
				"entity": {
				        "type": "minecraft:ocelot"
				}
			}
		},
		"kill_panda": {
			"trigger": "minecraft:player_killed_entity",
			"conditions": {
				"entity": {
				        "type": "minecraft:panda"
				}
			}
		},
		"kill_parrot": {
			"trigger": "minecraft:player_killed_entity",
			"conditions": {
				"entity": {
				        "type": "minecraft:parrot"
				}
			}
		},
		"kill_phantom": {
			"trigger": "minecraft:player_killed_entity",
			"conditions": {
				"entity": {
				        "type": "minecraft:phantom"
				}
			}
		},
		"kill_pig": {
			"trigger": "minecraft:player_killed_entity",
			"conditions": {
				"entity": {
				        "type": "minecraft:pig"
				}
			}
		},
		"kill_piglin": {
			"trigger": "minecraft:player_killed_entity",
			"conditions": {
				"entity": {
				        "type": "minecraft:piglin"
				}
			}
		},
		"kill_piglin_brute": {
			"trigger": "minecraft:player_killed_entity",
			"conditions": {
				"entity": {
				        "type": "minecraft:piglin_brute"
				}
			}
		},
		"kill_pillager": {
			"trigger": "minecraft:player_killed_entity",
			"conditions": {
				"entity": {
				        "type": "minecraft:pillager"
				}
			}
		},
		"kill_polar_bear": {
			"trigger": "minecraft:player_killed_entity",
			"conditions": {
				"entity": {
				        "type": "minecraft:polar_bear"
				}
			}
		},
		"kill_pufferfish": {
			"trigger": "minecraft:player_killed_entity",
			"conditions": {
				"entity": {
				        "type": "minecraft:pufferfish"
				}
			}
		},
		"kill_rabbit": {
			"trigger": "minecraft:player_killed_entity",
			"conditions": {
				"entity": {
				        "type": "minecraft:rabbit"
				}
			}
		},
		"kill_ravager": {
			"trigger": "minecraft:player_killed_entity",
			"conditions": {
				"entity": {
				        "type": "minecraft:ravager"
				}
			}
		},
		"kill_salmon": {
			"trigger": "minecraft:player_killed_entity",
			"conditions": {
				"entity": {
				        "type": "minecraft:salmon"
				}
			}
		},
		"kill_sheep": {
			"trigger": "minecraft:player_killed_entity",
			"conditions": {
				"entity": {
				        "type": "minecraft:sheep"
				}
			}
		},
		"kill_shulker": {
			"trigger": "minecraft:player_killed_entity",
			"conditions": {
				"entity": {
				        "type": "minecraft:shulker"
				}
			}
		},
		"kill_silverfish": {
			"trigger": "minecraft:player_killed_entity",
			"conditions": {
				"entity": {
				        "type": "minecraft:silverfish"
				}
			}
		},
		"kill_skeleton": {
			"trigger": "minecraft:player_killed_entity",
			"conditions": {
				"entity": {
				        "type": "minecraft:skeleton"
				}
			}
		},
		"kill_skeleton_horse": {
			"trigger": "minecraft:player_killed_entity",
			"conditions": {
				"entity": {
				        "type": "minecraft:skeleton_horse"
				}
			}
		},
		"kill_slime": {
			"trigger": "minecraft:player_killed_entity",
			"conditions": {
				"entity": {
				        "type": "minecraft:slime"
				}
			}
		},
		"kill_sniffer": {
			"trigger": "minecraft:player_killed_entity",
			"conditions": {
				"entity": {
				        "type": "minecraft:sniffer"
				}
			}
		},
		"kill_snow_golem": {
			"trigger": "minecraft:player_killed_entity",
			"conditions": {
				"entity": {
				        "type": "minecraft:snow_golem"
				}
			}
		},
		"kill_spider": {
			"trigger": "minecraft:player_killed_entity",
			"conditions": {
				"entity": {
				        "type": "minecraft:spider"
				}
			}
		},
		"kill_squid": {
			"trigger": "minecraft:player_killed_entity",
			"conditions": {
				"entity": {
				        "type": "minecraft:squid"
				}
			}
		},
		"kill_stray": {
			"trigger": "minecraft:player_killed_entity",
			"conditions": {
				"entity": {
				        "type": "minecraft:stray"
				}
			}
		},
		"kill_strider": {
			"trigger": "minecraft:player_killed_entity",
			"conditions": {
				"entity": {
				        "type": "minecraft:strider"
				}
			}
		},
		"kill_tadpole": {
			"trigger": "minecraft:player_killed_entity",
			"conditions": {
				"entity": {
				        "type": "minecraft:tadpole"
				}
			}
		},
		"kill_trader_llama": {
			"trigger": "minecraft:player_killed_entity",
			"conditions": {
				"entity": {
				        "type": "minecraft:trader_llama"
				}
			}
		},
		"kill_tropical_fish": {
			"trigger": "minecraft:player_killed_entity",
			"conditions": {
				"entity": {
				        "type": "minecraft:tropical_fish"
				}
			}
		},
		"kill_turtle": {
			"trigger": "minecraft:player_killed_entity",
			"conditions": {
				"entity": {
				        "type": "minecraft:turtle"
				}
			}
		},
		"kill_vex": {
			"trigger": "minecraft:player_killed_entity",
			"conditions": {
				"entity": {
				        "type": "minecraft:vex"
				}
			}
		},
		"kill_villager": {
			"trigger": "minecraft:player_killed_entity",
			"conditions": {
				"entity": {
				        "type": "minecraft:villager"
				}
			}
		},
		"kill_vindicator": {
			"trigger": "minecraft:player_killed_entity",
			"conditions": {
				"entity": {
				        "type": "minecraft:vindicator"
				}
			}
		},
		"kill_wandering_trader": {
			"trigger": "minecraft:player_killed_entity",
			"conditions": {
				"entity": {
				        "type": "minecraft:wandering_trader"
				}
			}
		},
		"kill_warden": {
			"trigger": "minecraft:player_killed_entity",
			"conditions": {
				"entity": {
				        "type": "minecraft:warden"
				}
			}
		},
		"kill_witch": {
			"trigger": "minecraft:player_killed_entity",
			"conditions": {
				"entity": {
				        "type": "minecraft:witch"
				}
			}
		},
		"kill_wither": {
			"trigger": "minecraft:player_killed_entity",
			"conditions": {
				"entity": {
				        "type": "minecraft:wither"
				}
			}
		},
		"kill_wither_skeleton": {
			"trigger": "minecraft:player_killed_entity",
			"conditions": {
				"entity": {
				        "type": "minecraft:wither_skeleton"
				}
			}
		},
		"kill_wolf": {
			"trigger": "minecraft:player_killed_entity",
			"conditions": {
				"entity": {
				        "type": "minecraft:wolf"
				}
			}
		},
		"kill_zoglin": {
			"trigger": "minecraft:player_killed_entity",
			"conditions": {
				"entity": {
				        "type": "minecraft:zoglin"
				}
			}
		},
		"kill_zombie": {
			"trigger": "minecraft:player_killed_entity",
			"conditions": {
				"entity": {
				        "type": "minecraft:zombie"
				}
			}
		},
		"kill_zombie_villager": {
			"trigger": "minecraft:player_killed_entity",
			"conditions": {
				"entity": {
				        "type": "minecraft:zombie_villager"
				}
			}
		},
		"kill_zombified_piglin": {
			"trigger": "minecraft:player_killed_entity",
			"conditions": {
				"entity": {
				        "type": "minecraft:zombified_piglin"
				}
			}
		}
	}
}